advanced/tenancy.md -> sys-mgmt/tenancy.md
applications/index.md -> add-secure-apps/applications/index.md
applications/manage_apps.md -> add-secure-apps/applications/i
core/architecture.md -> core/architecture.md
core/brands.md -> customize/brands.md
core/certificates.md -> sys-mgmt/certificates.md
core/geoip.mdx -> install-config/geoip.mdx
core/settings.md -> sys-mgmt/settings.md
core/terminology.md -> core/terminology.md
enterprise/entsupport.md -> enterprise/entsupport.md
enterprise/get-started.md -> enterprise/get-started.md
enterprise/index.md -> enterprise/index.md
enterprise/licenses-page-admin.png -> enterprise/licenses-page-admin.png
enterprise/manage-enterprise.md -> enterprise/manage-enterprise.md
events/event_matcher.png -> sys-mgmt/events/event_matcher.png
events/index.md -> sys-mgmt/events/index.md
events/notifications.md -> sys-mgmt/events/notifications.md
events/transports.md -> sys-mgmt/events/transports.md
expressions/_functions.md -> add-secure-apps/providers/prov-prop-mappings/expressions/_functions.md
expressions/_objects.md -> add-secure-apps/providers/prov-prop-mappings/expressions/_objects.md
expressions/_user.md -> add-secure-apps/providers/prov-prop-mappings/expressions/_user.md
flow/context/index.md -> add-secure-apps/flows-stages/flow/context/index.md
flow/create-flow.png -> add-secure-apps/flows-stages/flow/create-flow.png
flow/examples/flows.md -> add-secure-apps/flows-stages/flow/examples/flows.md
flow/examples/snippets.md -> add-secure-apps/flows-stages/flow/examples/snippets.md
flow/executors/headless.md -> add-secure-apps/flows-stages/flow/executors/headless.md
flow/executors/if-flow.md -> add-secure-apps/flows-stages/flow/executors/if-flow.md
flow/executors/sfe.md -> add-secure-apps/flows-stages/flow/executors/sfe.md
flow/executors/user-settings.md -> add-secure-apps/flows-stages/flow/executors/user-settings.md
flow/flow-inspector.png -> add-secure-apps/flows-stages/flow/flow-inspector.png
flow/index.md -> add-secure-apps/flows-stages/flow/index.md
flow/inspector.md -> add-secure-apps/flows-stages/flow/inspector.md
flow/layouts.md -> add-secure-apps/flows-stages/flow/layouts.md
flow/layouts/content_left.png -> add-secure-apps/flows-stages/flow/layouts/content_left.png
flow/layouts/content_right.png -> add-secure-apps/flows-stages/flow/layouts/content_right.png
flow/layouts/sidebar_left.png -> add-secure-apps/flows-stages/flow/layouts/sidebar_left.png
flow/layouts/sidebar_right.png -> add-secure-apps/flows-stages/flow/layouts/sidebar_right.png
flow/layouts/stacked.png -> add-secure-apps/flows-stages/flow/layouts/stacked.png
flow/simple_stages.png -> add-secure-apps/flows-stages/flow/simple_stages.png
flow/stages/authenticator_duo/index.md -> add-secure-apps/flows-stages/stages//authenticator_duo/index.md
flow/stages/authenticator_sms/index.md -> add-secure-apps/flows-stages/stages/authenticator_sms/index.md
flow/stages/authenticator_static/index.md -> add-secure-apps/flows-stages/stages/authenticator_static/index.md
flow/stages/authenticator_totp/index.md -> add-secure-apps/flows-stages/stages/authenticator_totp/index.md
flow/stages/authenticator_validate/index.md -> add-secure-apps/flows-stages/stages/authenticator_validate/index.md
flow/stages/authenticator_webauthn/index.md -> add-secure-apps/flows-stages/stages/authenticator_webauthn/index.md
flow/stages/captcha/captcha-admin.png -> add-secure-apps/flows-stages/stages/captcha/captcha-admin.png
flow/stages/captcha/index.md -> add-secure-apps/flows-stages/stages/captcha/index.md
flow/stages/deny.md -> add-secure-apps/flows-stages/stages/deny.md
flow/stages/email/custom_template.png -> add-secure-apps/flows-stages/stages/email/custom_template.png
flow/stages/email/email_recovery.png -> add-secure-apps/flows-stages/stages/email/email_recovery.png
flow/stages/email/index.mdx -> add-secure-apps/flows-stages/stages/email/index.mdx
flow/stages/identification/index.md -> add-secure-apps/flows-stages/stages/identification/index.md
flow/stages/index.md -> add-secure-apps/flows-stages/stages/index.md
flow/stages/invitation/index.md -> add-secure-apps/flows-stages/stages/invitation/index.md
flow/stages/password/index.md -> add-secure-apps/flows-stages/stages/password/index.md
flow/stages/prompt/index.md -> add-secure-apps/flows-stages/stages/prompt/index.md
flow/stages/source/index.md -> add-secure-apps/flows-stages/stages/source/index.md
flow/stages/user_delete.md -> add-secure-apps/flows-stages/stages/user_delete.md
flow/stages/user_login/index.md -> add-secure-apps/flows-stages/stages/user_login/index.md
flow/stages/user_login/stay_signed_in.png -> add-secure-apps/flows-stages/stages/user_login/stay_signed_in.png
flow/stages/user_logout.md -> add-secure-apps/flows-stages/stages/user_logout.md
flow/stages/user_write.md -> add-secure-apps/flows-stages/stages/user_write.md
index.mdx -> index.mdx
installation/air-gapped.mdx -> install-config/air-gapped.mdx
installation/automated-install.md -> install-config/automated-install.md
installation/beta.mdx -> install-config/beta.mdx
installation/configuration.mdx -> install-config/configuration/configuration.mdx
installation/dashboard.png -> install-config/dashboard.png
installation/docker-compose.mdx -> install-config/install/docker-compose.mdx
installation/index.mdx -> install-config/index.mdx
installation/kubernetes.md -> install-config/install/kubernetes.md
installation/monitoring.md -> sys-mgmt/ops/monitoring.md
installation/reverse-proxy.md -> install-config/reverse-proxy.md
installation/storage-s3.md -> install-config/storage-s3.md
installation/upgrade.mdx -> install-config/upgrade.mdx
installation/version1.png -> install-config/version1.png
interfaces/_global/customcss.mdx -> customize/_global/customcss.mdx
interfaces/_global/global.mdx -> customize/_global/global.mdx
interfaces/admin/customization.mdx -> customize/admin/customization.mdx
interfaces/flow/customization.mdx -> customize/flow/customization.mdx
interfaces/user/customization.mdx -> customize/user/customization.mdx
outposts/_config.md -> add-secure-apps/outposts/_config.md
outposts/embedded/embedded.mdx -> add-secure-apps/outposts/embedded/embedded.mdx
outposts/index.mdx -> add-secure-apps/outposts/index.mdx
outposts/integrations/docker.md -> add-secure-apps/outposts/integrations/docker.md
outposts/integrations/kubernetes.md -> add-secure-apps/outposts/integrations/kubernetes.md
outposts/manual-deploy-docker-compose.md -> add-secure-apps/outposts/manual-deploy-docker-compose.md
outposts/manual-deploy-kubernetes.md -> add-secure-apps/outposts/manual-deploy-kubernetes.md
outposts/outpost-create.png -> add-secure-apps/outposts/outpost-create.png
outposts/upgrading.md -> add-secure-apps/outposts/upgrading.md
outposts/upgrading_outdated.png -> add-secure-apps/outposts/upgrading_outdated.png
policies/expression.mdx -> customize/policies/expression.mdx
policies/index.md -> customize/policies/index.md
policies/working_with_policies/unique_email.md -> customize/policies/working_with_policies/unique_email.md
policies/working_with_policies/whitelist_email.md -> customize/policies/working_with_policies/whitelist_email.md
policies/working_with_policies/working_with_policies.md -> customize/policies/working_with_policies/working_with_policies.md
providers/entra/add-entra-provider.md -> add-secure-apps/providers/entra/add-entra-provider.md
providers/entra/index.md -> add-secure-apps/providers/entra/index.md
providers/entra/setup-entra.md -> add-secure-apps/providers/entra/setup-entra.md
providers/gws/add-gws-provider.md -> add-secure-apps/providers/gws/add-gws-provider.md
providers/gws/index.md -> add-secure-apps/providers/gws/index.md
providers/gws/setup-gws.md -> add-secure-apps/providers/gws/setup-gws.md
providers/index.mdx -> add-secure-apps/providers/index.mdx
providers/ldap/general_setup1.png -> add-secure-apps/providers/ldap/general_setup1.png
providers/ldap/general_setup10.png -> add-secure-apps/providers/general_setup10.png
providers/ldap/general_setup11.png -> add-secure-apps/providers/general_setup11.png
providers/ldap/general_setup12.png -> add-secure-apps/providers/general_setup12.png
providers/ldap/general_setup13.png -> add-secure-apps/providers/general_setup13.png
providers/ldap/general_setup14.png -> add-secure-apps/providers/general_setup14.png
providers/ldap/general_setup15.png -> add-secure-apps/providers/general_setup15.png
providers/ldap/general_setup16.png -> add-secure-apps/providers/general_setup16.png
providers/ldap/general_setup2.png -> add-secure-apps/providers/general_setup2.png
providers/ldap/general_setup3.png -> add-secure-apps/providers/general_setup3.png
providers/ldap/general_setup4.png -> add-secure-apps/providers/general_setup4.png
providers/ldap/general_setup5.png -> add-secure-apps/providers/general_setup5.png
providers/ldap/general_setup6.png -> add-secure-apps/providers/general_setup6.png
providers/ldap/general_setup7.png -> add-secure-apps/providers/general_setup7.png
providers/ldap/general_setup8.png -> add-secure-apps/providers/general_setup8.png
providers/ldap/general_setup9.png -> add-secure-apps/providers/general_setup9.png
providers/ldap/generic_setup.md -> add-secure-apps/providers/generic_setup.md
providers/ldap/index.md -> add-secure-apps/providers/ldap/index.md
providers/oauth2/client_credentials.md -> add-secure-apps/providers/oauth2/client_credentials.md
providers/oauth2/device_code.md -> add-secure-apps/providers/oauth2/device_code.md
providers/oauth2/index.md -> add-secure-apps/providers/oauth2/index.md
providers/property-mappings/expression.mdx -> add-secure-apps/providers/property-mappings/expression.mdx
providers/property-mappings/index.md -> add-secure-apps/providers/property-mappings/index.md
providers/proxy/__placeholders.md -> add-secure-apps/providers/proxy/__placeholders.md
providers/proxy/_caddy_standalone.md -> add-secure-apps/providers/proxy/_caddy_standalone.md
providers/proxy/_envoy_istio.md -> add-secure-apps/providers/proxy/_envoy_istio.md
providers/proxy/_nginx_ingress.md -> add-secure-apps/providers/proxy/_nginx_ingress.md
providers/proxy/_nginx_proxy_manager.md -> add-secure-apps/providers/proxy/_nginx_proxy_manager.md
providers/proxy/_nginx_standalone.md -> add-secure-apps/providers/proxy/_nginx_standalone.md
providers/proxy/_traefik_compose.md -> add-secure-apps/providers/proxy/_traefik_compose.md
providers/proxy/_traefik_ingress.md -> add-secure-apps/providers/proxy/_traefik_ingress.md
providers/proxy/_traefik_standalone.md -> add-secure-apps/providers/proxy/_traefik_standalone.md
providers/proxy/custom_headers.md -> add-secure-apps/providers/proxy/custom_headers.md
providers/proxy/forward_auth.mdx -> add-secure-apps/providers/proxy/forward_auth.mdx
providers/proxy/header_authentication.md -> add-secure-apps/providers/proxy/header_authentication.md
providers/proxy/index.md -> add-secure-apps/providers/proxy/index.md
providers/proxy/server_caddy.mdx -> add-secure-apps/providers/proxy/server_caddy.mdx
providers/proxy/server_envoy.mdx -> add-secure-apps/providers/proxy/server_envoy.mdx
providers/proxy/server_nginx.mdx -> add-secure-apps/providers/proxy/server_nginx.mdx
providers/proxy/server_traefik.mdx -> add-secure-apps/providers/proxy/server_traefik.mdx
providers/rac/how-to-rac.md -> add-secure-apps/providers/rac/how-to-rac.md
providers/rac/index.md -> add-secure-apps/providers/rac/index.md
providers/rac/rac-v3.png -> add-secure-apps/providers/rac/rac-v3.png
providers/radius/index.mdx -> add-secure-apps/providers/radius/index.mdx
providers/saml/index.md -> add-secure-apps/providers/saml/index.md
providers/scim/index.md -> add-secure-apps/providers/scim/index.md
releases/2021/v2021.1.md -> releases/2021/v2021.1.md
releases/2021/v2021.10.md -> releases/2021/v2021.10.md
releases/2021/v2021.12.md -> releases/2021/v2021.12.md
releases/2021/v2021.2.md -> releases/2021/v2021.2.md
releases/2021/v2021.3.md -> releases/2021/v2021.3.md
releases/2021/v2021.4.md -> releases/2021/v2021.4.md
releases/2021/v2021.5.md -> releases/2021/v2021.5.md
releases/2021/v2021.6.md -> releases/2021/v2021.6.md
releases/2021/v2021.7.md -> releases/2021/v2021.7.md
releases/2021/v2021.8.md -> releases/2021/v2021.8.md
releases/2021/v2021.9.md -> releases/2021/v2021.9.md
releases/2022/v2022.1.md -> releases/2022/v2022.1.md
releases/2022/v2022.10.md -> releases/2022/v2022.10.md
releases/2022/v2022.11.md -> releases/2022/v2022.11.md
releases/2022/v2022.12.md -> releases/2022/v2022.12.md
releases/2022/v2022.2.md -> releases/2022/v2022.2.md
releases/2022/v2022.3.md -> releases/2022/v2022.3.md
releases/2022/v2022.4.md -> releases/2022/v2022.4.md
releases/2022/v2022.5.md -> releases/2022/v2022.5.md
releases/2022/v2022.6.md -> releases/2022/v2022.6.md
releases/2022/v2022.7.md -> releases/2022/v2022.7.md
releases/2022/v2022.8.md -> releases/2022/v2022.8.md
releases/2022/v2022.9.md -> releases/2022/v2022.9.md
releases/2023/v2023.1.md -> releases/2023/v2023.1.md
releases/2023/v2023.10.md -> releases/2023/v2023.10.md
releases/2023/v2023.2.md -> releases/2023/v2023.2.md
releases/2023/v2023.3.md -> releases/2023/v2023.3.md
releases/2023/v2023.4.md -> releases/2023/v2023.4.md
releases/2023/v2023.5.md -> releases/2023/v2023.5.md
releases/2023/v2023.6.md -> releases/2023/v2023.6.md
releases/2023/v2023.8.md -> releases/2023/v2023.8.md
releases/2024/v2024.2.md -> releases/2024/v2024.2.md
releases/2024/v2024.4.md -> releases/2024/v2024.4.md
releases/2024/v2024.6.md -> releases/2024/v2024.6.md
releases/2024/v2024.8.md -> releases/2024/v2024.8.md
releases/_template.md -> releases/_template.md
releases/old/v0.10.md -> releases/old/v0.10.md
releases/old/v0.11.md -> releases/old/v0.11.md
releases/old/v0.12.md -> releases/old/v0.12.md
releases/old/v0.13.md -> releases/old/v0.13.md
releases/old/v0.14.md -> releases/old/v0.14.md
releases/old/v0.9.md -> releases/old/v0.9.md
security/2023-06-cure53.md -> security/audits-and-certs/2023-06-cure53.md
security/CVE-2022-23555.md -> security/cves/CVE-2022-23555.md
security/CVE-2022-46145.md -> security/cves/CVE-2022-46145.md
security/CVE-2022-46172.md -> security/cves/CVE-2022-46172.md
security/CVE-2023-26481.md -> security/cves/CVE-2023-26481.md
security/CVE-2023-36456.md -> security/cves/CVE-2023-36456.md
security/CVE-2023-39522.md -> security/cves/CVE-2023-39522.md
security/CVE-2023-48228.md -> security/cves/CVE-2023-48228.md
security/CVE-2024-21637.md -> security/cves/CVE-2024-21637.md
security/CVE-2024-23647.md -> security/cves/CVE-2024-23647.md
security/CVE-2024-37905.md -> security/cves/CVE-2024-37905.md
security/CVE-2024-38371.md -> security/cves/CVE-2024-38371.md
security/GHSA-rjvp-29xq-f62w.md -> security/cves/GHSA-rjvp-29xq-f62w.md
security/policy.mdx -> security/policy.mdx
security/security-hardening.md -> security/security-hardening.md
sources/active-directory/01_user_create.png -> user-sources/sources/directory-sync/active-directory/01_user_create.png
sources/active-directory/02_delegate.png -> user-sources/sources/directory-sync/active-directory/02_delegate.png
sources/active-directory/03_additional_perms.png -> user-sources/sources/directory-sync/active-directory/03_additional_perms.png
sources/active-directory/10_ak_status.png -> user-sources/sources/directory-sync/active-directory/03_additional_perms.png
sources/active-directory/11_ak_stage.png -> user-sources/sources/directory-sync/active-directory/11_ak_stage.png
sources/active-directory/index.md -> user-sources/sources/directory-sync/active-directory/index.md
sources/apple/app_id.png -> user-sources/sources/social-logins/apple/app_id.png -> customize/
sources/apple/app_service_config.png -> user-sources/sources/social-logins/apple/app_service_config.png
sources/apple/index.md -> user-sources/sources/social-logins/apple/index.md
sources/apple/key.png -> user-sources/sources/social-logins/apple/key.png
sources/apple/service_id.png -> user-sources/sources/social-logins/apple/service_id.png
sources/azure-ad/aad_01.png -> user-sources/sources/social-logins/azure-ad/aad_01.png
sources/azure-ad/authentik_01.png -> user-sources/sources/social-logins/azure-ad/authentik_01.png
sources/azure-ad/index.md -> user-sources/sources/social-logins/azure-ad/index.md
sources/discord/discord1.png -> user-sources/sources/social-logins/discord/discord1.png
sources/discord/discord2.png -> user-sources/sources/social-logins/discord/discord2.png
sources/discord/discord3.png -> user-sources/sources/social-logins/discord/discord3.png
sources/discord/discord4.png -> user-sources/sources/social-logins/discord/discord4.png
sources/discord/index.md -> user-sources/sources/social-logins/discord/index.md
sources/facebook/index.md -> user-sources/sources/social-logins/facebook/index.md
sources/freeipa/01_user_create.png -> user-sources/sources/directory-sync/freeipa/01_user_create.pn
sources/freeipa/02_user_roles.png -> user-sources/sources/directory-sync/freeipa/02_user_roles.png
sources/freeipa/03_add_user_role.png -> user-sources/sources/directory-sync/freeipa/03_add_user_role.png
sources/freeipa/04_source_settings_1.png -> user-sources/sources/directory-sync/freeipa/04_source_settings_1.png
sources/freeipa/05_source_settings_2.png -> user-sources/sources/directory-sync/freeipa/05_source_settings_2.png
sources/freeipa/06_sync_source.png -> user-sources/sources/directory-sync/freeipa/06_sync_source.png
sources/freeipa/07_password_stage.png -> user-sources/sources/directory-sync/freeipa/07_password_stage.png
sources/freeipa/index.md -> user-sources/sources/directory-sync/freeipa/index.md
sources/github/github_org_membership.png -> user-sources/sources/social-logins/github/github_org_membership.pn
sources/github/githubdeveloper1.png -> user-sources/sources/social-logins/github/githubdeveloper1.png
sources/github/githubdeveloperexample.png -> user-sources/sources/social-logins/github/githubdeveloperexample.png
sources/github/githubexample2.png -> user-sources/sources/social-logins/github/githubexample2.png
sources/github/index.md -> user-sources/sources/social-logins/github/index.md
sources/google/authentiksource.png -> user-sources/sources/social-logins/google/authentiksource.png
sources/google/googledeveloper1.png -> user-sources/sources/social-logins/google/googledeveloper1.png
sources/google/googledeveloper2.png -> user-sources/sources/social-logins/google/googledeveloper2.png
sources/google/googledeveloper3.png -> user-sources/sources/social-logins/google/googledeveloper3.png
sources/google/googledeveloper4.png -> user-sources/sources/social-logins/google/googledeveloper4.png
sources/google/googledeveloper5.png -> user-sources/sources/social-logins/google/googledeveloper5.png
sources/google/googledeveloper6.png -> user-sources/sources/social-logins/google/googledeveloper6.png
sources/google/index.md -> user-sources/sources/social-logins/google/index.md
sources/index.md -> user-sources/sources/index.md
sources/ldap/index.md -> user-sources/sources/protocols/ldap/index.md
sources/mailcow/index.md -> user-sources/sources/social-logins/mailcow/index.md
sources/mailcow/mailcow1.png -> user-sources/sources/social-logins/mailcow/mailcow1.png
sources/mailcow/mailcow2.png -> user-sources/sources/social-logins/mailcow/mailcow2.png
sources/mailcow/mailcow3.png -> user-sources/sources/social-logins/mailcow/mailcow3.png
sources/mailcow/mailcow4.png -> user-sources/sources/social-logins/mailcow/mailcow4.png
sources/mailcow/mailcow5.png -> user-sources/sources/social-logins/mailcow/mailcow5.png
sources/oauth/index.md -> user-sources/sources/protocols/oauth/index.md
sources/plex/index.md -> user-sources/sources/social-logins/plex/index.md
sources/property-mappings/expressions.md -> user-sources/sources/property-mappings/expressions.md
sources/property-mappings/index.md -> user-sources/sources/property-mappings/index.md
sources/saml/index.md -> user-sources/sources/protocols/saml/index.md
sources/scim/index.md -> user-sources/sources/protocols/scim/index.md
sources/twitch/index.md -> user-sources/sources/social-logins/twitch/index.md
sources/twitch/twitch1.png -> user-sources/sources/social-logins/twitch/twitch1.png
sources/twitch/twitch2.png -> user-sources/sources/social-logins/twitch/twitch2.png
sources/twitch/twitch3.png -> user-sources/sources/social-logins/twitch/twitch3.png
sources/twitch/twitch4.png -> user-sources/sources/social-logins/twitch/twitch4.png
sources/twitch/twitch5.png -> user-sources/sources/social-logins/twitch/twitch5.png
sources/twitter/index.md -> user-sources/sources/social-logins/twitter/index.md
sources/twitter/twitter1.png -> user-sources/sources/social-logins/twitter/twitter1.png
sources/twitter/twitter2.png -> user-sources/sources/social-logins/twitter/twitter2.png
troubleshooting/access.md -> troubleshooting/access.md
troubleshooting/access_denied_message.png -> troubleshooting/access_denied_message.png
troubleshooting/authentik_user_debug.png -> troubleshooting/authentik_user_debug.png
troubleshooting/csrf.md -> troubleshooting/csrf.md
troubleshooting/emails.md -> troubleshooting/emails.md
troubleshooting/forward_auth/general.mdx -> troubleshooting/forward_auth/general.mdx
troubleshooting/image_upload.md -> troubleshooting/image_upload.md
troubleshooting/ldap_source.md -> troubleshooting/ldap_source.md
troubleshooting/login.md -> troubleshooting/login.md
troubleshooting/missing_admin_group.md -> troubleshooting/missing_admin_group.md
troubleshooting/missing_permission.md ->
troubleshooting/postgres/upgrade_docker.md -> troubleshooting/postgres/upgrade_docker.md
troubleshooting/postgres/upgrade_kubernetes.md -> troubleshooting/postgres/upgrade_kubernetes.md
user-group-role/access-control/flow-page.png -> user-sources/access-control/flow-page.png
user-group-role/access-control/index.mdx -> user-sources/access-control/index.mdx
user-group-role/access-control/manage_permissions.md -> user-sources/access-control/manage_permissions.md
user-group-role/access-control/permissions.md -> user-sources/access-control/permissions.md
user-group-role/access-control/user-page.png -> user-sources/access-control/user-page.png
user-group-role/groups/group_ref.md -> user-sources/groups/group_ref.md
user-group-role/groups/index.mdx -> user-sources/groups/index.mdx
user-group-role/groups/manage_groups.md -> user-sources/groups/manage_groups.md
user-group-role/roles/index.mdx -> user-sources/roles/index.md
user-group-role/roles/manage_roles.md -> user-sources/roles/manage_roles.md
user-group-role/user/create_invite.png -> user-sources/user/create_invite.png
user-group-role/user/index.mdx -> user-sources/user/index.mdx
user-group-role/user/invitations.md -> user-sources/user/invitations.md
user-group-role/user/user_basic_operations.md -> user-sources/user/user_basic_operations.md
user-group-role/user/user_ref.md -> user-sources/user/user_ref.md
